Workbook

Sheet GENERAL
A2: REPORTE GENERAL DE HORAS EXTRAS
A5: RSPONSABLE: | C5: SILIA DIAZ | F5: CARGO: | G5: COORDINADOR LOGISTICO | J5: PROCESO: | L5: ALMACEN
A6: MES: | C6: OCTUBRE/NOVIEMBRE | F6: PERIODO: | G6: 45946 | J6: 45976
A7: N° | B7: NOMBRE DE COLABORADOR | E7: CARGO | G7: TIPO DE HORAS | H7: TOTAL DE HORAS EXTRAS | I7: VALOR UNITARIO | J7: TOTAL EN VALOR | K7: TOTAL | L7: FIRMA DEL COLABORADOR
A8: 1 | B8: MARIO OROZCO | E8: AUX. LOGISTICO | G8: HR-DIURNA | H8: ='MARIO OROZCO'!J27 -> 0 | I8: 8762 | J8: =I8*H8 -> 0 | K8: =J8+J9 -> 0
G9: HR-NOCTUR | H9: ='MARIO OROZCO'!J28 -> 0 | I9: 12267 | J9: =I9*H9 -> 0
A10: 2 | B10: SILIA DIAZ | E10: COOR. LOGISTICO | G10: HR-DIURNA | I10: 8762 | J10: =I10*H10 -> 0 | K10: =J10+J11 -> 0
G11: HR-NOCTUR | I11: 12267 | J11: =I11*H11 -> 0
A12: 3 | B12: JUSTIN ORTIZ | E12: AUX. LOGISTICO | G12: HR-DIURNA | H12: ='JUSTIN ORTIZ'!J27 -> 6 | I12: 8762 | J12: =I12*H12 -> 52572 | K12: =J12+J13 -> 52572
G13: HR-NOCTUR | H13: ='JUSTIN ORTIZ'!J28 -> 0 | I13: 12267 | J13: =I13*H13 -> 0
A14: 4 | B14: DAVIS TORDECILLA | E14: AUXILIAR DE COMPRAS | G14: HR-DIURNA | I14: 8762 | J14: =I14*H14 -> 0 | K14: =J14+J15 -> 0
G15: HR-NOCTUR | I15: 12267 | J15: =I15*H15 -> 0
A16: 5 | B16: JOSE HENAO | E16: AUX. LOGISTICO | G16: HR-DIURNA | H16: ='JOSE HENAO'!J27 -> 3 | I16: 8762 | J16: =I16*H16 -> 26286 | K16: =J16+J17 -> 38553
G17: HR-NOCTUR | H17: ='JOSE HENAO'!J28 -> 1 | I17: 12267 | J17: =I17*H17 -> 12267
A18: 6 | B18: MOISES RINCON | E18: MENSAJERO | G18: HR-DIURNA | I18: 8762 | J18: =I18*H18 -> 0 | K18: =J18+J19 -> 0
G19: HR-NOCTUR | I19: 12267 | J19: =I19*H19 -> 0
A20: 7 | B20: KEISSY ARRIETA | E20: AUX. ADMINISTRATIVA | G20: HR-DIURNA | H20: ='KEISSY ARRIETA'!J27 -> 9 | I20: 8762 | J20: =I20*H20 -> 78858 | K20: =J20+J21 -> 127926
G21: HR-NOCTUR | H21: ='KEISSY ARRIETA'!J28 -> 4 | I21: 12267 | J21: =I21*H21 -> 49068
A22: 8 | B22: NAYERLIS MONTES | E22: AUX. LOGISTICO | G22: HR-DIURNA | I22: 8762 | J22: =I22*H22 -> 0 | K22: =J22+J23 -> 0
G23: HR-NOCTUR | I23: 12267 | J23: =I23*H23 -> 0
A24: 9 | B24: ESTEFANNY DE LA HOZ | E24: AUXILIAR DE COMPRAS | G24: HR-DIURNA | I24: 8762 | J24: =I24*H24 -> 0 | K24: =J24+J25 -> 0
G25: HR-NOCTUR | I25: 12267 | J25: =I25*H25 -> 0
A28: ELABORADO POR: | C28: SILIA DIAZ
A29: REVISADO POR:
A30: FECHA DE ELABORACION: | D30: =TODAY() -> 46183

Sheet MARIO OROZCO
A2: PLANILLA INDIVIDUAL REGISTRO DE HORAS EXTRAS
A5: COLABORADOR: | C5: MARIO OROZCO | E5: IDENTIFICACION: | G5: 1143121183 | I5: CARGO: | M5: Auxiliar Logistico | P5: HORA DE ALMUERZO
A6: MES: | C6: MAYO | E6: PERIODO DE: | G6: 46143 | I6: A: 31/05/2026
A7: N° | B7: FECHA | C7: MOTIVO DE SALIDA TARDE | E7: HORA DE INICIO | F7: HORA DE FINALIZACIÓN | G7: HORA DE ALMUERZO | H7: HORARIO LABORADO | I7: HORARIO REGULAR | J7: HORAS EXTRAS | K7: HR-DIURNA | L7: HR-NOCTURNA | M7: AUTORIZADO POR
A8: 1 | E8: 0.33333333 | F8: 0.75 | G8: 0.041666667 | H8: =(F8-E8) -> 0.41666667 | I8: 0.33333333 | M8: Silia Diaz
A9: 2 | E9: 0.33333333 | F9: 0.75 | G9: 0.041666667 | H9: =(F9-E9) -> 0.41666667 | I9: 0.33333333 | M9: Silia Diaz
A10: 3 | E10: 0.33333333 | F10: 0.75 | G10: 0.041666667 | H10: =(F10-E10) -> 0.41666667 | I10: 0.33333333 | M10: Silia Diaz
A11: 4 | E11: 0.33333333 | F11: 0.75 | G11: 0.041666667 | H11: =(F11-E11) -> 0.41666667 | I11: 0.33333333 | M11: Silia Diaz
A12: 5 | E12: 0.33333333 | F12: 0.83333333 | G12: 0.041666667 | H12: =(F12-E12) -> 0.5 | I12: 0.375 | M12: Silia Diaz
A13: 6 | E13: 0.33333333 | F13: 0.83333333 | G13: 0.041666667 | H13: =(F13-E13) -> 0.5 | I13: 0.375 | M13: Silia Diaz
A14: 7 | E14: 0.33333333 | F14: 0.75 | G14: 0.041666667 | H14: =(F14-E14) -> 0.41666667 | I14: 0.33333333 | M14: Silia Diaz
A15: 8 | E15: 0.33333333 | F15: 0.83333333 | G15: 0.041666667 | H15: =(F15-E15) -> 0.5 | I15: 0.375 | M15: Silia Diaz
A16: 9
A17: 10
A18: 11
A19: 12
A20: 13
A21: 14
A22: 15
A23: 16
A24: 17
A25: 18
H27: TOTAL DE HORAS DIURNAS: | J27: =SUM(K8:K25) -> 0
H28: TOTAL DE HORAS NOCTURNAS: | J28: =SUM(L8:L25) -> 0
A29: ELABORADO POR: | C29: MARIO OROZCO
A30: REVISADO POR:
A31: FECHA DE ELABORACION: | D31: =TODAY() -> 46183

Sheet SILIA DIAZ
A2: PLANILLA INDIVIDUAL REGISTRO DE HORAS EXTRAS
A5: COLABORADOR: | C5: Mario Orozco | E5: IDENTIFICACION: | G5: 1085227379 | I5: CARGO: | K5: Coor.Logistico | N5: HORA DE ALMUERZO
A6: MES: | C6: Marzo | E6: PERIODO DE: | G6: 45717 | I6: A: | K6: 45731
A7: N° | B7: FECHA | C7: MOTIVO DE SALIDA TARDE | E7: HORA DE INICIO | F7: HORA DE FINALIZACIÓN | G7: HORA DE ALMUERZO | H7: HORARIO LABORADO | I7: HORARIO REGULAR | J7: HORAS EXTRAS | K7: AUTORIZADO POR
A8: 2
A9: 3
A10: 4
A11: 5
A12: 6
A13: 7
A14: 8
A15: 9
H17: TOTAL DE HORAS: | J17: =SUM(J8:J15) -> 0 | R17: =97*2 -> 194
A19: ELABORADO POR: | C19: SILIA DIAZ
A20: REVISADO POR:
A21: FECHA DE ELABORACION: | D21: 45734

Sheet JUSTIN ORTIZ
A2: PLANILLA INDIVIDUAL REGISTRO DE HORAS EXTRAS
A5: COLABORADOR: | C5: Silia Diaz | E5: IDENTIFICACION: | G5: 1002035293 | I5: CARGO: AUX LOGISTICO | M5: Auxiliar Logistico
A6: MES: | C6: OCTUBRE/NOVIEMBRE | E6: PERIODO DE: | G6: 45946 | I6: 45976
A7: N° | B7: FECHA | C7: MOTIVO DE SALIDA TARDE | E7: HORA DE INICIO | F7: HORA DE FINALIZACIÓN | G7: HORA DE ALMUERZO | H7: HORARIO LABORADO | I7: HORARIO REGULAR | J7: HORAS EXTRAS | K7: HR-DIURNA | L7: HR-NOCTURNA | M7: AUTORIZADO POR
A8: 1 | B8: 45969 | C8: ESPERAR MATERIALES DE ABUMAC ENVIAR A BAHIA, ENVIAR REPO DE CALI | E8: 0.33333333 | F8: 0.5 | G8: 0 | H8: =(F8-E8) -> 0.16666667 | I8: 0.16666667 | J8: 4 | K8: 4 | M8: Silia Diaz
A9: 2 | B9: 45975 | C9: ESPERAR MATERIALES DEL PROVEEDOR TODO ORTOPEDICO Y ENVIAR PARA CLINICA BARU | E9: 0.70833333 | F9: 0.79166667 | G9: 0 | H9: =(F9-E9) -> 0.083333333 | I9: 0.33333333 | J9: 2 | K9: 2 | M9: Silia Diaz
A10: 3
A11: 4
A12: 5
A13: 6
A14: 7
A15: 8
A16: 9
A17: 10
A18: 11
A19: 12
A20: 13
A21: 14
... A25: 18
H27: TOTAL DE HORAS DIURNAS: | J27: =SUM(K8:K25) -> 6
H28: TOTAL DE HORAS NOCTURNAS: | J28: =SUM(L8:L25) -> 0
A29: ELABORADO POR: | C29: JUSTIN ORTIZ
A30: REVISADO POR:
A31: FECHA DE ELABORACION: | D31: =TODAY() -> 46183

Sheet DAVID TORDECILLA
A2: PLANILLA INDIVIDUAL REGISTRO DE HORAS EXTRAS
A5: COLABORADOR: | C5: Justin Ortiz | E5: IDENTIFICACION: | G5: 1042451951 | I5: CARGO: | K5: Auxiliar Logistico | N5: HORA DE ALMUERZO
A6: MES: | C6: Marzo | E6: PERIODO DE: | G6: 45717 | I6: A: | K6: 45731
A7: N° | B7: FECHA | C7: MOTIVO DE SALIDA TARDE | E7: HORA DE INICIO | F7: HORA DE FINALIZACIÓN | G7: HORA DE ALMUERZO | H7: HORARIO LABORADO | I7: HORARIO REGULAR | J7: HORAS EXTRAS | K7: AUTORIZADO POR
A8: 2 | B8: 45713 | C8: Revisión e ingreso de facturas | E8: 0.33333333 | F8: 0.83333333 | G8: 0.041666667 | H8: =(F8-E8-G8) -> 0.45833333 | I8: 0.33333333 | J8: 3 | K8: Silia Diaz
A9: 3 | B9: 45714 | C9: Revisión e ingreso de facturas | E9: 0.33333333 | F9: 0.79166667 | G9: 0.041666667 | H9: =(F9-E9-G9) -> 0.41666667 | I9: 0.33333333 | J9: 2 | K9: Silia Diaz
A10: 4 | B10: 45723 | C10: Revisión e ingreso de facturas | E10: 0.33333333 | F10: 0.83333333 | G10: 0.041666667 | H10: =(F10-E10-G10) -> 0.45833333 | I10: 0.33333333 | J10: 3 | K10: Silia Diaz
A11: 5 | B11: 45726 | C11: Revisión e ingreso de facturas | E11: 0.33333333 | F11: 0.75 | G11: 0.041666667 | H11: =(F11-E11-G11) -> 0.375 | I11: 0.33333333 | J11: 1 | K11: Silia Diaz
H13: TOTAL DE HORAS: | J13: =SUM(J8:J11) -> 9 | R13: =97*2 -> 194
A15: ELABORADO POR: | C15: Justin Ortiz
A16: REVISADO POR: | C16: Silia Diaz
A17: FECHA DE ELABORACION: | D17: 45734

Sheet MOISÉS RINCÓN
A2: PLANILLA INDIVIDUAL REGISTRO DE HORAS EXTRAS
A5: COLABORADOR: | C5: Moises Rincón | E5: IDENTIFICACION: | G5: 72,157,200 | I5: CARGO: | K5: Mensajero | N5: HORA DE ALMUERZO
A6: MES: | C6: Marzo | E6: PERIODO DE: | G6: 45717 | I6: A: | K6: 45731
A7: N° | B7: FECHA | C7: MOTIVO DE SALIDA TARDE | E7: HORA DE INICIO | F7: HORA DE FINALIZACIÓN | G7: HORA DE ALMUERZO | H7: HORARIO LABORADO | I7: HORARIO REGULAR | J7: HORAS EXTRAS | K7: AUTORIZADO POR
A8: 2 | B8: 45724 | C8: Consignación en Bancolombia y consignacion de caja menor de santa marta, cali y cartagena | E8: 0.33333333 | F8: 0.58333333 | G8: 0 | H8: =(F8-E8-G8) -> 0.25 | I8: 0.16666667 | J8: 2 | K8: Silia Diaz
A9: 3 | B9: 45721 | C9: Preparación de material (claviculas de imeq) para clinica baru | E9: 0.33333333 | F9: 0.75 | G9: 0.041666667 | H9: =(F9-E9-G9) -> 0.375 | I9: 0.33333333 | J9: 1 | K9: Silia Diaz
H11: TOTAL DE HORAS: | J11: =SUM(J8:J9) -> 3
A13: ELABORADO POR: | C13: Moisés Rincon
A14: REVISADO POR: | C14: Silia Diaz
A15: FECHA DE ELABORACION: | D15: 45734

Sheet JOSE HENAO
A2: PLANILLA INDIVIDUAL REGISTRO DE HORAS EXTRAS
A5: COLABORADOR: | C5: JOSE HENAO | E5: IDENTIFICACION: | G5: 1051831886 | I5: CARGO: | M5: Auxiliar Logistico
A6: MES: | C6: OCTUBRE/NOVIEMBRE | E6: PERIODO DE: | G6: 45946 | I6: A: 15/11/2025 | M6: 45976
A7: N° | B7: FECHA | C7: MOTIVO DE SALIDA TARDE | E7: HORA DE INICIO | F7: HORA DE FINALIZACIÓN | G7: HORA DE ALMUERZO | H7: HORARIO LABORADO | I7: HORARIO REGULAR | J7: HORAS EXTRAS | K7: HR-DIURNA | L7: HR-NOCTURNA | M7: AUTORIZADO POR
A8: 1 | B8: 45972 | C8: ESPERAR MATERIALES DEL PROVEEDOR OSTEONORTE Y ENVIAR PARA CLINICA BARU | E8: 0.75 | F8: 0.83333333 | G8: 0 | H8: =(F8-E8) -> 0.083333333 | I8: 0.33333333 | J8: =INT(H8*24) -> 2 | K8: 1 | L8: =+J8-K8 -> 1 | M8: Silia Diaz
A9: 2 | B9: 45975 | C9: ESPERAR MATERIALES DEL PROVEEDOR TODO ORTOPEDICO Y ENVIAR PARA CLINICA BARU | E9: 0.70833333 | F9: 0.79166667 | G9: 0 | H9: =(F9-E9) -> 0.083333333 | I9: 0.33333333 | J9: =INT(H9*24) -> 2 | K9: 2 | L9: 0 | M9: Silia Diaz
A10: 3
A11: 4
A12: 5
A13: 6
A14: 7
A15: 8
A16: 9
A17: 10
A18: 11
A19: 12
A20: 13
A21: 14
... A25: 18
H27: TOTAL DE HORAS DIURNAS: | J27: =SUM(K8:K25) -> 3
H28: TOTAL DE HORAS NOCTURNAS: | J28: =SUM(L8:L25) -> 1
A29: ELABORADO POR: | C29: JOSE HENAO
A30: REVISADO POR:
A31: FECHA DE ELABORACION: | D31: =TODAY() -> 46183

Sheet KEISSY ARRIETA
A2: PLANILLA INDIVIDUAL REGISTRO DE HORAS EXTRAS
A5: COLABORADOR: | C5: Silia Diaz | E5: IDENTIFICACION: | G5: 1143121183 | I5: CARGO: | M5: Auxiliar Logistico
A6: MES: | C6: OCTUBRE/NOVIEMBRE | E6: PERIODO DE: | G6: 45946 | I6: A: | M6: 45976
A7: N° | B7: FECHA | C7: MOTIVO DE SALIDA TARDE | E7: HORA DE INICIO | F7: HORA DE FINALIZACIÓN | G7: HORA DE ALMUERZO | H7: HORARIO LABORADO | I7: HORARIO REGULAR | J7: HORAS EXTRAS | K7: HR-DIURNA | L7: HR-NOCTURNA | M7: AUTORIZADO POR
A8: 1 | B8: 45947 | C8: INVENTARIO BODEGA CLINICA BAHIA VIERNES | E8: 0.75 | F8: 0.95833333 | G8: 0.041666667 | H8: =(F8-E8) -> 0.20833333 | I8: 0.33333333 | J8: =INT(H8*24) -> 5 | K8: 1 | L8: 4 | M8: Silia Diaz
A9: 2 | B9: 45948 | C9: INVENTARIO BODEGA CLINICA BAHIA SABADO | E9: 0.33333333 | F9: 0.625 | G9: 0.041666667 | H9: =(F9-E9) -> 0.29166667 | I9: 0.33333333 | J9: =INT(H9*24) -> 7 | K9: 7 | M9: Silia Diaz
A10: 3 | B10: 45952 | C10: COTIZACION DOC JUAN | E10: 0.75 | F10: 0.79166667 | G10: 0.041666667 | H10: =(F10-E10) -> 0.041666667 | I10: 0.33333333 | J10: 1 | K10: 1 | M10: Silia Diaz
A11: 4
A12: 5
A13: 6
A14: 7
A15: 8
A16: 9
A17: 10
A18: 11
A19: 12
A20: 13
A21: 14
A22: 15
... A25: 18
H27: TOTAL DE HORAS DIURNAS: | J27: =SUM(K8:K25) -> 9
H28: TOTAL DE HORAS NOCTURNAS: | J28: =SUM(L8:L25) -> 4
A29: ELABORADO POR: | C29: SILIA DIAZ
A30: REVISADO POR:
A31: FECHA DE ELABORACION: | D31: =TODAY() -> 46183
